<?xml version="1.0" encoding="UTF-8"?>
<project-private xmlns="http://www.netbeans.org/ns/project-private/1">
    <editor-bookmarks xmlns="http://www.netbeans.org/ns/editor-bookmarks/2" lastBookmarkId="0"/>
    <open-files xmlns="http://www.netbeans.org/ns/projectui-open-files/2">
        <group>
            <file>file:/C:/Users/DELL/Documents/NetBeansProjects/Banking%20Management%20System/src/MiniStatement.java</file>
            <file>file:/C:/Users/DELL/Documents/NetBeansProjects/Banking%20Management%20System/src/SingnUp.java</file>
            <file>file:/C:/Users/DELL/Documents/NetBeansProjects/Banking%20Management%20System/src/AdditionalInfo.java</file>
            <file>file:/C:/Users/DELL/Documents/NetBeansProjects/Banking%20Management%20System/src/Deposite02.java</file>
            <file>file:/C:/Users/DELL/Documents/NetBeansProjects/Banking%20Management%20System/src/ViewBlockedAccounts.java</file>
            <file>file:/C:/Users/DELL/Documents/NetBeansProjects/Banking%20Management%20System/src/PinChange.java</file>
            <file>file:/C:/Users/DELL/Documents/NetBeansProjects/Banking%20Management%20System/src/BalanceEnquiry.java</file>
            <file>file:/C:/Users/DELL/Documents/NetBeansProjects/Banking%20Management%20System/src/AccountDetails.java</file>
            <file>file:/C:/Users/DELL/Documents/NetBeansProjects/Banking%20Management%20System/src/Conn.java</file>
            <file>file:/C:/Users/DELL/Documents/NetBeansProjects/Banking%20Management%20System/src/Deposite.java</file>
            <file>file:/C:/Users/DELL/Documents/NetBeansProjects/Banking%20Management%20System/src/ViewAccounts.java</file>
            <file>file:/C:/Users/DELL/Documents/NetBeansProjects/Banking%20Management%20System/src/Home.java</file>
            <file>file:/C:/Users/DELL/Documents/NetBeansProjects/Banking%20Management%20System/src/BlockPortal.java</file>
            <file>file:/C:/Users/DELL/Documents/NetBeansProjects/Banking%20Management%20System/src/UnBlockAccount.java</file>
            <file>file:/C:/Users/DELL/Documents/NetBeansProjects/Banking%20Management%20System/src/Khan.java</file>
            <file>file:/C:/Users/DELL/Documents/NetBeansProjects/Banking%20Management%20System/src/AccountDetails02.java</file>
            <file>file:/C:/Users/DELL/Documents/NetBeansProjects/Banking%20Management%20System/src/Withdraw.java</file>
            <file>file:/C:/Users/DELL/Documents/NetBeansProjects/Banking%20Management%20System/src/BlockAccount.java</file>
            <file>file:/C:/Users/DELL/Documents/NetBeansProjects/Banking%20Management%20System/src/BankLogin.java</file>
            <file>file:/C:/Users/DELL/Documents/NetBeansProjects/Banking%20Management%20System/src/Transections.java</file>
            <file>file:/C:/Users/DELL/Documents/NetBeansProjects/Banking%20Management%20System/src/Login.java</file>
        </group>
    </open-files>
</project-private>
